{
  "legacy": {
    "mean_s": 0.008072760002687574,
    "p95_s": 0.005666700075380504,
    "min_s": 0.004993799957446754,
    "max_s": 0.01881030004005879
  },
  "pipeline_sync": {
    "mean_s": 0.00037028000224381685,
    "p95_s": 0.0002386999549344182,
    "min_s": 0.0001623000716790557,
    "max_s": 0.0011140999849885702
  },
  "pipeline_async": {
    "mean_s": 0.00013786000199615954,
    "p95_s": 0.00013719999697059393,
    "min_s": 0.0001233000075444579,
    "max_s": 0.00017709995154291391
  },
  "speedup_pipeline_sync_vs_legacy": 21.80177150742247,
  "speedup_pipeline_async_vs_legacy": 58.557666370209844,
  "speedup_async_vs_sync_pipeline": 2.685913222706409
}